id,x1,x2,x3,x4,x5,x6,x7,x8,x9,x10
169,-0.0018820165277910398,-0.044641636506989005,-0.0266843835395454,0.0494153205448459,0.0589729659406384,-0.0160318551303266,-0.0470824834561139,0.0712099797536354,0.13359898001300802,0.0196328370737072
35,0.0489735217864827,0.0506801187398187,-0.030995631835069,-0.0492803060204031,0.0493412959332305,-0.0041322135823244205,0.133317768944152,-0.0535158088069373,0.0213108465682448,0.0196328370737072
37,-0.00914709342983014,-0.044641636506989005,0.0110390390462862,-0.0573136709609782,-0.0249601584096305,-0.0429626228442264,0.0302319104297145,-0.0394933828740919,0.017037132414780002,-0.0052198044153011
21,-0.0854304009012408,0.0506801187398187,-0.0223731352440218,0.00121513083253827,-0.0373437341334407,-0.0263657543693812,0.0155053592133662,-0.0394933828740919,-0.072128454601956,-0.0176461251598052
310,-0.0055145549788105895,-0.044641636506989005,0.0649296427403312,0.0356438377699009,-0.00156895982021134,0.0149698425868371,-0.0139477432193303,0.000728838880648992,-0.0181182673078967,0.0320591578182113
427,-0.03457486258696701,0.0506801187398187,0.00564997867688165,-0.00567061055493425,-0.07311850844666999,-0.062690975936967,-0.00658446761115617,-0.0394933828740919,-0.04542095777704099,0.0320591578182113
228,-0.0527375548420648,-0.044641636506989005,-0.0126728265790937,-0.0607565416547144,-0.000193006962010205,0.00808057642746734,0.0118237214092792,-0.00259226199818282,-0.0271286455543265,-0.0507829804784829
280,0.00901559882526763,0.0506801187398187,0.0185837235634525,0.0390867084636372,0.0176943801946045,0.0105857641217836,0.0191869970174533,-0.00259226199818282,0.0163049527999418,-0.0176461251598052
193,0.00901559882526763,0.0506801187398187,-0.00512814206192736,-0.0641994123484507,0.0699805888062474,0.0838625041805342,-0.0397192078479398,0.0712099797536354,0.0395398780720242,0.0196328370737072
437,0.0417084448844436,0.0506801187398187,0.0196615356373334,0.0597439326260547,-0.00569681839481472,-0.0025664712733767603,-0.0286742944356786,-0.00259226199818282,0.0311929907028023,0.00720651632920303
403,-0.0200447087828888,-0.044641636506989005,0.0972640049567582,-0.00567061055493425,-0.00569681839481472,-0.0238605666750649,-0.0213110188275045,-0.00259226199818282,0.0616858488238662,0.0403433716478807
285,0.0126481372762872,-0.044641636506989005,-0.020217511096259997,-0.015999222636143,0.012190568761799999,0.0212328118226277,-0.0765355858888105,0.108111100629544,0.0598807230654812,-0.0217882320746399
78,0.00538306037424807,-0.044641636506989005,-0.0579409336820915,-0.0228849640236156,-0.0676146970138656,-0.0683276482491785,-0.0544457590642881,-0.00259226199818282,0.0428956878925287,-0.0839198357971606
272,0.0126481372762872,-0.044641636506989005,0.00672779075076256,-0.0561660474078757,-0.0758704141630723,-0.0664487574784414,-0.0213110188275045,-0.0376483268302965,-0.0181182673078967,-0.09220404962683
86,-0.0709002470971626,0.0506801187398187,-0.0751859268641859,-0.0400993174922969,-0.05110326271545201,-0.015092409744958,-0.0397192078479398,-0.00259226199818282,-0.09643322289178399,-0.0342145528191441
313,0.0598711371395414,0.0506801187398187,0.0530737099276413,0.0528581912385822,0.0328298616348169,0.01966706951368,-0.0102661054152432,0.0343088588777263,0.0552050380896167,-0.00107769750046639
124,-0.0055145549788105895,-0.044641636506989005,0.023972783932857,0.0081008722200108,-0.0345918284170385,-0.0388916928409625,0.0228686348215404,-0.0394933828740919,-0.0159982677581387,-0.0135040182449705
1,-0.0018820165277910398,-0.044641636506989005,-0.0514740612388061,-0.0263278347173518,-0.00844872411121698,-0.019163339748222,0.0744115640787594,-0.0394933828740919,-0.0683297436244215,-0.09220404962683
40,0.00538306037424807,0.0506801187398187,-0.00836157828357004,0.0218723549949558,0.054845107366035005,0.07321545647969,-0.0249926566315915,0.0343088588777263,0.0125531528133893,0.094190761540732
252,0.00538306037424807,-0.044641636506989005,0.0595405823709267,-0.0561660474078757,0.0245741444856101,0.0528608064633705,-0.0434008456520269,0.0509143632718854,-0.00421985970694603,-0.0300724459043093
11,0.0271782910803654,0.0506801187398187,0.0175059114895716,-0.0332135761048244,-0.00707277125301585,0.0459715403040008,-0.0654906724765493,0.0712099797536354,-0.09643322289178399,-0.0590671943081523
247,-0.0817978624502212,-0.044641636506989005,-0.0816527993074713,-0.0400993174922969,0.00255889875439205,-0.0185370428246429,0.0707299262746723,-0.0394933828740919,-0.0109044358473771,-0.09220404962683
250,0.0671362140415805,-0.044641636506989005,0.056307146149284004,0.0735154154009998,-0.0139525355440215,-0.039204841302752,-0.0323559322397657,-0.00259226199818282,0.0757375884575476,0.036201264733046
423,0.00901559882526763,0.0506801187398187,-0.0396181284261162,0.0287580963824284,0.0383336730676214,0.0735286049414796,-0.0728539480847234,0.108111100629544,0.0155668445407018,-0.0466408735636482
92,-0.0200447087828888,-0.044641636506989005,0.00457216660300077,0.0976155102571536,0.00531080447079431,-0.0207290820571696,0.0633666506664982,-0.0394933828740919,0.0125531528133893,0.0113486232440377
379,-0.0018820165277910398,-0.044641636506989005,-0.0385403163522353,0.0218723549949558,-0.108893282759899,-0.11561306597939801,0.0228686348215404,-0.07639450375000098,-0.0468794828442166,0.0237749439885419
410,-0.00914709342983014,0.0506801187398187,-0.0277621956134263,0.0081008722200108,0.0479653430750293,0.0372033833738938,-0.0286742944356786,0.0343088588777263,0.0660482061630984,-0.0424987666488135
430,-0.00914709342983014,-0.044641636506989005,-0.0568631216082106,-0.0504279295735057,0.0218222387692079,0.0453452433804217,-0.0286742944356786,0.0343088588777263,-0.009918957363154771,-0.0176461251598052
6,-0.0454724779400257,0.0506801187398187,-0.0471628129432825,-0.015999222636143,-0.040095639849843,-0.0248000120604336,0.0007788079970179679,-0.0394933828740919,-0.0629129499162512,-0.0383566597339788
127,0.0344433679824045,0.0506801187398187,-0.00189470584028465,-0.0125563519424068,0.0383336730676214,0.0137172487396789,0.0780932018828464,-0.0394933828740919,0.00455189046612778,-0.0963461565416647
317,0.0199132141783263,-0.044641636506989005,-0.0342290680567117,0.055153438482502,0.0672286830898452,0.0741549018650587,-0.00658446761115617,0.0328328140426899,0.0247253233428045,0.0693381200517237
206,0.00175052192322852,0.0506801187398187,0.0261284080806188,-0.00911348124867051,0.0245741444856101,0.038455977221052005,-0.0213110188275045,0.0343088588777263,0.00943640914607987,0.0030644094143683197
29,0.0671362140415805,0.0506801187398187,-0.00620595413580824,0.063186803319791,-0.0428475455662452,-0.0958847128866574,0.052321737254237,-0.07639450375000098,0.0594238004447941,0.0527696923923848
383,0.00538306037424807,0.0506801187398187,-0.0288400076873072,-0.00911348124867051,-0.0318399227006362,-0.0288709420636975,0.0081420836051921,-0.0394933828740919,-0.0181182673078967,0.00720651632920303
294,0.0235457526293458,0.0506801187398187,-0.030995631835069,-0.00567061055493425,-0.0167044412604238,0.0177881787429428,-0.0323559322397657,-0.00259226199818282,-0.0740888714915354,-0.0342145528191441
404,-0.0164121703318693,-0.044641636506989005,0.0541515220015222,0.0700725447072635,-0.0332158755588373,-0.0279314966783289,0.0081420836051921,-0.0394933828740919,-0.0271286455543265,-0.0093619113301358
14,0.0453409833354632,-0.044641636506989005,-0.0256065714656645,-0.0125563519424068,0.0176943801946045,-6.12835790604833e-05,0.0817748396869335,-0.0394933828740919,-0.0319914449413559,-0.0756356219674911
302,0.0126481372762872,-0.044641636506989005,0.0336730925977851,0.0333485905259811,0.0300779559184146,0.0271826325966288,-0.0029028298070691,0.008847085473348979,0.0311929907028023,0.0279170509033766
342,0.0562385986885218,0.0506801187398187,0.0218171597850952,0.0563010619323185,-0.00707277125301585,0.0181013272047324,-0.0323559322397657,-0.00259226199818282,-0.0236445575721341,0.0237749439885419
87,0.0453409833354632,-0.044641636506989005,-0.00620595413580824,0.0115437429137471,0.0631008245152418,0.0162224364339952,0.0965013909032818,-0.0394933828740919,0.0428956878925287,-0.0383566597339788
168,0.00175052192322852,0.0506801187398187,0.0595405823709267,-0.00222773986119799,0.0617248716570406,0.063194705702425,-0.0581273968683752,0.108111100629544,0.0689822116363026,0.12732761685941
44,0.0453409833354632,0.0506801187398187,0.06816307896197402,0.0081008722200108,-0.0167044412604238,0.0046359433477825,-0.0765355858888105,0.0712099797536354,0.0324332257796019,-0.0176461251598052
67,0.0417084448844436,0.0506801187398187,-0.0148284507268555,-0.0171468461892456,-0.00569681839481472,0.00839372488925688,-0.0139477432193303,-0.00185423958066465,-0.0119006848015081,0.0030644094143683197
283,-0.0164121703318693,-0.044641636506989005,-0.05255187331268701,-0.0332135761048244,-0.0442234984244464,-0.0363865051466462,0.0191869970174533,-0.0394933828740919,-0.0683297436244215,-0.0300724459043093
202,0.0816663678456587,0.0506801187398187,0.00133873038135806,0.0356438377699009,0.126394655992494,0.0910649188016934,0.0191869970174533,0.0343088588777263,0.0844952822124031,-0.0300724459043093
315,0.00901559882526763,-0.044641636506989005,-0.020217511096259997,-0.0538708002672419,0.0314539087766158,0.0206065148990486,0.056003375058324,-0.0394933828740919,-0.0109044358473771,-0.00107769750046639
360,0.0162806757273067,-0.044641636506989005,0.0207393477112143,0.0218723549949558,-0.0139525355440215,-0.0132135189742209,-0.00658446761115617,-0.00259226199818282,0.0133159679089277,0.0403433716478807
288,0.0707687524926,0.0506801187398187,-0.0169840748746173,0.0218723549949558,0.0438374845004259,0.0563054395430553,0.0375951860378887,-0.00259226199818282,-0.0702093127286876,-0.0176461251598052
159,-0.0055145549788105895,-0.044641636506989005,0.0433734012627132,0.0872868981759448,0.0135665216200011,0.00714113104209875,-0.0139477432193303,-0.00259226199818282,0.0423448954496075,-0.0176461251598052
167,0.0707687524926,-0.044641636506989005,0.0692408910358548,0.0379390850138207,0.0218222387692079,0.0015044587298871802,-0.0360375700438527,0.0391060045915944,0.0776327891955595,0.10661708228523599
351,-0.0854304009012408,0.0506801187398187,-0.0406959404999971,-0.0332135761048244,-0.0813742255958769,-0.0695802420963367,-0.00658446761115617,-0.0394933828740919,-0.0578000656756125,-0.0424987666488135
210,0.00901559882526763,-0.044641636506989005,0.0142724752679289,0.0149866136074833,0.054845107366035005,0.0472241341511589,0.0707299262746723,-0.0394933828740919,-0.0332487872476258,-0.0590671943081523
0,0.0380759064334241,0.0506801187398187,0.0616962065186885,0.0218723549949558,-0.0442234984244464,-0.0348207628376986,-0.0434008456520269,-0.00259226199818282,0.0199084208763183,-0.0176461251598052
318,0.0889314447476978,-0.044641636506989005,0.00672779075076256,0.0253152256886921,0.0300779559184146,0.00870687335104641,0.0633666506664982,-0.0394933828740919,0.00943640914607987,0.0320591578182113
311,0.09619652164973701,-0.044641636506989005,0.0401399650410705,-0.0573136709609782,0.0452134373586271,0.0606895180081088,-0.0213110188275045,0.0361539149215217,0.0125531528133893,0.0237749439885419
244,-0.0600026317441039,0.0506801187398187,0.0541515220015222,-0.0194420933298793,-0.0497273098572509,-0.0489124436182275,0.0228686348215404,-0.0394933828740919,-0.0439854025655911,-0.0052198044153011
39,-0.0018820165277910398,0.0506801187398187,0.0142724752679289,-0.0745280244296595,0.00255889875439205,0.00620168565673016,-0.0139477432193303,-0.00259226199818282,0.0191990330785671,0.0030644094143683197
152,-0.03457486258696701,0.0506801187398187,-0.000816893766403737,0.0700725447072635,0.0397096259258226,0.0669524872438994,-0.0654906724765493,0.108111100629544,0.0267142576335128,0.0734802269665584
16,-0.0055145549788105895,-0.044641636506989005,0.0422955891888323,0.0494153205448459,0.0245741444856101,-0.0238605666750649,0.0744115640787594,-0.0394933828740919,0.0522799997967812,0.0279170509033766
399,0.0598711371395414,0.0506801187398187,0.0228949718589761,0.0494153205448459,0.0163184273364034,0.0118383579689417,-0.0139477432193303,-0.00259226199818282,0.0395398780720242,0.0196328370737072
350,-0.0273097856849279,0.0506801187398187,0.0606183944448076,0.107944122338362,0.012190568761799999,-0.0175975974392743,-0.0029028298070691,-0.00259226199818282,0.0702112981933102,0.135611830689079
81,0.0126481372762872,0.0506801187398187,-0.0223731352440218,-0.0297707054110881,0.0108146159035988,0.0284352264437869,-0.0213110188275045,0.0343088588777263,-0.00608024819631442,-0.00107769750046639
343,-0.0200447087828888,-0.044641636506989005,0.0185837235634525,0.09072976886968101,0.00393485161259318,0.00870687335104641,0.0375951860378887,-0.0394933828740919,-0.0578000656756125,0.00720651632920303
226,-0.10359309315633901,0.0506801187398187,-0.0460850008694016,-0.0263278347173518,-0.0249601584096305,-0.0248000120604336,0.0302319104297145,-0.0394933828740919,-0.0398095943643375,-0.0549250873933176
406,-0.0563700932930843,-0.044641636506989005,-0.0805749872335904,-0.0848566365108683,-0.0373437341334407,-0.0370128020702253,0.0339135482338016,-0.0394933828740919,-0.0561575730950062,-0.13776722569001199
358,-0.0200447087828888,-0.044641636506989005,-0.08488623552911399,-0.0263278347173518,-0.0359677812752396,-0.0341944659141195,0.0412768238419757,-0.0516707527631419,-0.0823814832581028,-0.0466408735636482
85,0.0453409833354632,-0.044641636506989005,0.0713965151836166,0.00121513083253827,-0.00982467696941811,-0.00100072896442909,0.0155053592133662,-0.0394933828740919,-0.0411803851880079,-0.0714935150526564
205,-0.0309423241359475,-0.044641636506989005,0.0466068374843559,0.0149866136074833,-0.0167044412604238,-0.0470335528474903,0.0007788079970179679,-0.00259226199818282,0.0634559213720654,-0.0259303389894746
12,0.0162806757273067,-0.044641636506989005,-0.0288400076873072,-0.00911348124867051,-0.00432086553661359,-0.00976888589453599,0.0449584616460628,-0.0394933828740919,-0.0307512098645563,-0.0424987666488135
319,0.0199132141783263,-0.044641636506989005,0.00457216660300077,0.0459724498511097,-0.0180803941186249,-0.0545491159304391,0.0633666506664982,-0.0394933828740919,0.0286607203138089,0.0610539062220542
229,-0.0273097856849279,0.0506801187398187,-0.0159062628007364,-0.0297707054110881,0.00393485161259318,-0.0006875805026395571,0.0412768238419757,-0.0394933828740919,-0.0236445575721341,0.0113486232440377
361,0.0417084448844436,-0.044641636506989005,-0.007283766209689159,0.0287580963824284,-0.0428475455662452,-0.0482861466946485,0.052321737254237,-0.07639450375000098,-0.072128454601956,0.0237749439885419
52,-0.0527375548420648,-0.044641636506989005,-0.00943939035745095,-0.00567061055493425,0.0397096259258226,0.0447189464568426,0.0265502726256275,-0.00259226199818282,-0.0181182673078967,-0.0135040182449705
201,-0.03457486258696701,0.0506801187398187,-0.0557853095343297,-0.015999222636143,-0.00982467696941811,-0.007889995123798791,0.0375951860378887,-0.0394933828740919,-0.0529587932392004,0.0279170509033766
188,0.00538306037424807,-0.044641636506989005,-0.00297251791416553,0.0494153205448459,0.0741084473808508,0.0707102687853738,0.0449584616460628,-0.00259226199818282,-0.0014985868202920698,-0.0093619113301358
378,0.0162806757273067,0.0506801187398187,0.00241654245523897,-0.00567061055493425,-0.00569681839481472,0.0108989125835731,-0.050764121260201,0.0343088588777263,0.0226920225667445,-0.0383566597339788
369,-0.00914709342983014,-0.044641636506989005,0.0379843408933087,-0.0400993174922969,-0.0249601584096305,-0.0038190651205348798,-0.0434008456520269,0.0158582984397717,-0.00514530798026311,0.0279170509033766
347,0.0380759064334241,0.0506801187398187,-0.0299178197611881,-0.0745280244296595,-0.0125765826858204,-0.0125872220506418,0.0044604458011050395,-0.00259226199818282,0.0037117382334359702,-0.0300724459043093
180,-0.0382074010379866,0.0506801187398187,0.00457216660300077,0.0356438377699009,-0.0112006298276192,0.00588853719494063,-0.0470824834561139,0.0343088588777263,0.0163049527999418,-0.00107769750046639
368,-0.0164121703318693,0.0506801187398187,0.00241654245523897,0.0149866136074833,0.0218222387692079,-0.0100820343563255,-0.0249926566315915,0.0343088588777263,0.085533121187439,0.0817644407962278
258,0.0780338293946392,0.0506801187398187,-0.0245287593917836,-0.0423945646329306,0.00668675732899544,0.0528608064633705,-0.0691723102806364,0.0808042711813717,-0.0371283460104736,0.0569117993072195
275,-0.0055145549788105895,0.0506801187398187,-0.0115950145052127,0.0115437429137471,-0.0222082526932283,-0.0154055582067476,-0.0213110188275045,-0.00259226199818282,0.0110081010458725,0.0693381200517237
101,0.0162806757273067,0.0506801187398187,-0.0450071887955207,0.063186803319791,0.0108146159035988,-0.00037443204085002004,0.0633666506664982,-0.0394933828740919,-0.0307512098645563,0.036201264733046
200,0.0562385986885218,-0.044641636506989005,-0.0579409336820915,-0.00796585769556799,0.0520932016496327,0.0491030249218961,0.056003375058324,-0.0214118336448964,-0.0283202425479987,0.0444854785627154
50,0.0344433679824045,-0.044641636506989005,-0.007283766209689159,0.0149866136074833,-0.0442234984244464,-0.0373259505320149,-0.0029028298070691,-0.0394933828740919,-0.02139368094036,0.00720651632920303
426,0.030810829531385,0.0506801187398187,-0.0342290680567117,0.0436772026071898,0.0575970130824372,0.0688313780146366,-0.0323559322397657,0.057556565029549006,0.0354619386607697,0.0859065477110625
122,0.0489735217864827,0.0506801187398187,0.0810968238485447,0.0218723549949558,0.0438374845004259,0.0641341510877936,-0.0544457590642881,0.0712099797536354,0.0324332257796019,0.0486275854775501
66,-0.00914709342983014,0.0506801187398187,-0.0180618869484982,-0.0332135761048244,-0.0208322998350272,0.0121515064307313,-0.0728539480847234,0.0712099797536354,0.000271485727907132,0.0196328370737072
391,-0.0236772472339084,-0.044641636506989005,-0.0697968664947814,-0.0641994123484507,-0.0593589798646588,-0.0504781859271752,0.0191869970174533,-0.0394933828740919,-0.0891368600793477,-0.0507829804784829
